#,Reference,Quantity,Value,Footprint,Manufacturer,MPN,Description,Sourced MFR,Sourced MPN,Supplier,SKU,Order QTY,Order #,Tracking #,Status,Remarks,URL
1,C1,1,C_10u_0805,C_0805_2012Metric,Johanson Technology Inc.,160R15X106KV4E,,KEMET,C0805X106M8RACAUTO,Farnell,2776919,10,,,,,https://pl.farnell.com/kemet/c0805x106m8racauto/cap-10-f-10v-20-x7r-0805/dp/2776919?st=cap%200805%202012%2010u
2,C10 C11,2,C_22u_0603,C_0603_1608Metric,MURATA,GRM188R60J226MEA0D,"MURATA - GRM188R60J226MEA0D - SMD Multilayer Ceramic Capacitor, 22 µF, 6.3 V, 0603 [1608 Metric], ± 20%, X5R, GRM Series",MURATA,GRM188R60J226MEA0D,Farnell,2494232,20,,,,,pl.farnell.com/2494232
3,C2,1,C_2u2_0603,0603-cap,C1608X5R1V225K080AC,TDK,"INFINEON - TDK5110FHTMA1 - IF TRANSMITTER, 435MHZ, -40 TO 125DEG C",INFINEON,TDK5110FHTMA1,Farnell,3155084,10,,,,,pl.farnell.com/3155084
4,C3 C7 C8 C9 C12 C13,6,C_100n_0402,C_0402_1005Metric,Murata,GRM155R61H104KE14D,Multilayer Ceramic Capacitors MLCC - SMD/SMT .1UF     50V   10%        0402,GRM155R61H104KE14D,GRM155R61H104KE14D,Mouser,81-GRM155R61H104KE4D,60,,,,,https://www.mouser.pl/ProductDetail/Murata-Electronics/GRM155R61H104KE14D?qs=%2FlgdRqCb8a7DokhSRgWv9A%3D%3D
5,C4 C5,2,C_1n0_0402,0402-cap,WURTH_ELEKTRONIK,885012005018,"WURTH ELEKTRONIK - 885012005018 - SMD Multilayer Ceramic Capacitor, 1000 pF, 10 V, 0402 [1005 Metric], ± 5%, C0G / NP0, WCAP-CSGP",WURTH ELEKTRONIK,885012005018,Farnell,2533787,20,,,,,pl.farnell.com/2533787
6,C6,1,C_10u_25V_0603,C_0603_1608Metric,TDK,C1608X5R1E106M080AC,"TDK - C1608X5R1E106M080AC - SMD Multilayer Ceramic Capacitor, 10 µF, 25 V, 0603 [1608 Metric], ± 20%, X5R, C",TDK,C1608X5R1E106M080AC,Farnell,2525099,10,,,,,pl.farnell.com/2525099
7,D1,1,B360A-M3,DO-214AC,Vishay,B360A-M3/61T,"Schottky Diodes & Rectifiers 3A,60V,SM Schottky Rect",B360A-M3/61T,B360A-M3/61T,Mouser,78-B360A-M3/61T,10,,,,,https://www.mouser.pl/ProductDetail/Vishay-General-Semiconductor/B360A-M3-61T?qs=u%252Bh7cTrMUz8JMQHHBR53Qg%3D%3D
8,D2 D3,2,LZ1-00R802-0000,LZ1-00R802_4EP_4.4x4.4,Osram,LZ1-00R802-0000,Infrared Emitters - High Power IR 1050nm Clear Dome,LZ1-00R802-0000,LZ1-00R802-0000,Mouser,897-LZ1-00R802-0000,20,,,,,https://www.mouser.pl/ProductDetail/ams-OSRAM/LZ1-00R802-0000?qs=GCAb4wyKXLLh5yg6VeJRMg%3D%3D
9,J1,1,BarrelJack_3167288,BarrelJack_3167288_Horizontal,Multicomp,MJ-179PH,,,,Internal,,10,,,,Available at Antmicro,
10,J2,1,USB4105-GF-A,GCT_USB4105-GF-A,GCT,USB4105-GF-A,,,,Internal,,10,,,,Available at Antmicro,
11,L1,1,SRP2512A-4R7M,SRP2512A-1R0M,Bourns,SRP2512A-4R7M,"BOURNS - SRP2512A-4R7M - Power Inductor (SMD), 4.7 µH, 1.55 A, Shielded, 1.9 A, SRP2512A, 1008 [2520 Metric]",BOURNS,SRP2512A-4R7M,Farnell,2774135,10,,,,,pl.farnell.com/2774135
12,L2,1,TFM252012ALMA3R3MTAA,L_1008_2520Metric,TDK,TFM252012ALMA3R3MTAA,"TDK - TFM252012ALMA3R3MTAA - Thin Film Inductor, AEC-Q200, 3.3 µH, 0.14 ohm, 2.2 A, 1008 [2520 Metric], TFM-ALMA",TDK,TFM252012ALMA3R3MTAA,Farnell,3525406,10,,,,,pl.farnell.com/3525406
13,N1,1,antmicro_logo,antmicro-logo,None,,,,,,,10,,,,,
14,N2,1,oshw_logo,oshw-logo,None,,,,,,,10,,,,,
15,POT1,1,R0141-2-20k,Potentiometer_SRPassives_R0141-2_Horizontal,SR PASSIVES,R0141-2-20k,,,,TME,R0141-2-20K,10,,,,,https://www.tme.eu/en/details/r0141-2-20k/single-turn-tht-trimmers/sr-passives/
16,R1,1,R_0R2_1206,R_1206_3216Metric,Bourns,CR1206-FX-0R20ELF,,PANASONIC,"
    ERJ8BSFR20V",Farnell,2493036,10,,,,,https://pl.farnell.com/panasonic/erj8bsfr20v/current-sense-res-0r2-1-500-mw/dp/2493036?st=0r2
17,R11,1,R_0R_1206,R_1206_3216Metric,Multicomp,MCMR12X000_PTL,"MULTICOMP PRO - MCMR12X000 PTL - Zero Ohm Resistor, Jumper, 1206 [3216 Metric], Thick Film, 250 mW, 2 A, Surface Mount Device",MULTICOMP PRO,MCMR12X000 PTL,Farnell,2073874,10,,,,,pl.farnell.com/2073874
18,R13,1,R_100R_0402,R_0402_1005Metric,Bourns,CR0402-FX-1000GLF,"MULTICOMP PRO - MCMR04X1000FTL - SMD Chip Resistor, Ceramic, 100 ohm, ± 1%, 62.5 mW, 0402 [1005 Metric], Thick Film",MULTICOMP PRO,MCMR04X1000FTL,Farnell,2072515,10,,,,,pl.farnell.com/2072515
19,R2,1,R_39k_0402,R_0402_1005Metric,Bourns,CR0402-FX-3902GLF,"WALSIN - WR04X3902FTL - SMD Chip Resistor, 39 kohm, ± 1%, 62.5 mW, 0402 [1005 Metric], Thick Film, General Purpose",WALSIN,WR04X3902FTL,Farnell,2502547,10,,,,,pl.farnell.com/2502547
20,R3,1,R_18k_0402,R_0402_1005Metric,Bourns,CR0402-FX-1802GLF,"BOURNS - CR0402-FX-1802GLF - SMD Chip Resistor, 18 kohm, ± 1%, 63 mW, 0402 [1005 Metric], Thick Film, General Purpose",BOURNS,CR0402-FX-1802GLF,Farnell,4014775,10,,,,,pl.farnell.com/4014775
21,R4,1,R_2k_0402,R_0402_1005Metric,Bourns,CR0402-FX-2001GLF,"BOURNS - CR0402-FX-2001GLF - SMD Chip Resistor, 2 kohm, ± 1%, 62.5 mW, 0402 [1005 Metric], Thick Film, General Purpose",BOURNS,CR0402-FX-2001GLF,Farnell,2908214,10,,,,,pl.farnell.com/2908214
22,R5,1,R_300k_0603,R_0603_1608Metric,Bourns,CR0603-FX-3003ELF,"MULTICOMP PRO - MCSR06X3003FTL - SMD Chip Resistor, 300 kohm, ± 1%, 100 mW, 0603 [1608 Metric], Thick Film, Sulfur Resistant",MULTICOMP PRO,MCSR06X3003FTL,Farnell,2074236,10,,,,,pl.farnell.com/2074236
23,R6,1,R_20k_0402,R_0402_1005Metric,Bourns,CR0402-FX-2002GLF,"BOURNS - CR0402-FX-2002GLF - SMD Chip Resistor, 20 kohm, ± 1%, 62.5 mW, 0402 [1005 Metric], Thick Film, General Purpose",BOURNS,CR0402-FX-2002GLF,Farnell,2908215,10,,,,,pl.farnell.com/2908215
24,R8,1,R_6k8_0402,R_0402_1005Metric,Bourns,CR0402-FX-6801GLF,Thick Film Resistors - SMD 6.8K OHM 1%,CR0402-FX-6801GLF,CR0402-FX-6801GLF,Mouser,652-CR0402FX-6801GLF,10,,,,,https://www.mouser.pl/ProductDetail/Bourns/CR0402-FX-6801GLF?qs=ePR1ZvdkOKIXvLZKt9huGw%3D%3D
25,R9,1,R_1k3_0402,R_0402_1005Metric,Bourns,CR0402-FX-1301GLF,"TE CONNECTIVITY - CRG0402F1K3 - SMD Chip Resistor, 1.3 kohm, ± 1%, 62.5 mW, 0402 [1005 Metric], Thick Film, General Purpose",TE CONNECTIVITY,CRG0402F1K3,Farnell,2331477,10,,,,,pl.farnell.com/2331477
26,U1,1,MP2483DQ-LF-P,MP2483DQ-LF-P,Monolithic Power Systems,MP2483DQ-LF-P,"MONOLITHIC POWER SYSTEMS (MPS) - MP2483DQ-LF-P - LED Driver, 1 Output, Buck, Buck-Boost, 4.5 V to 55 V Input, 500 kHz, 2.5 A Output, QFN-10",MONOLITHIC POWER SYSTEMS (MPS),MP2483DQ-LF-P,Farnell,3357885,10,,,,,pl.farnell.com/3357885
27,U2,1,AP62301Z6-7,SOT-563,Diodes Incorporated,AP62301Z6-7,,,,Internal,,10,,,,Available at Antmicro,
28,U3 U4,2,SM02B-SRSS-TB-LF-SN,JST_SM02B-SRSS-TB(LF)(SN),JST,SM02B-SRSS-TB (LF)(SN),,JST,SM02B-SRSS-TB (LF)(SN),Farnell,1679117,20,,,,,https://pl.farnell.com/jst-japan-solderless-terminals/sm02b-srss-tb-lf-sn/header-r-a-2way/dp/1679117?gclid=CjwKCAjw8-OhBhB5EiwADyoY1edZfLpIVB-tVIn14pGJFgpqzU_7bwJtykUntJ7eeWUB16UkqhA48xoCgAMQAvD_BwE&mckv=s_dc|pcrid|620435988867|kword|sm02b%20srss%20tb%20lf%20sn|match|p|plid||slid||product||pgrid|142125125978|ptaid|kwd-382799504618|&CMP=KNC-GPL-GEN-SKU-MDC-Connectors
